[
  {
    "date": "09/02/2023",
    "text": "მიმდინარე ჯარიმა!",
    "img": "assets/profile/tbilisi_card.png"
  },
  {
    "date": "15/03/2023",
    "text": "ჯარიმა გადახდილია!",
    "img": "assets/profile/tbilisi_card.png"
  },
  {
    "date": "28/03/2023",
    "text": "ჯარიმა გადახდილია!",
    "img": "assets/profile/tbilisi_card.png"
  },
  {
    "date": "28/03/2023",
    "text": "ჯარიმა გადახდილია!",
    "img": "assets/profile/tbilisi_card.png"
  },
  {
    "date": "28/03/2023",
    "text": "ჯარიმა გადახდილია!",
    "img": "assets/profile/tbilisi_card.png"
  }
]
